{
	"start":	{
		"connected":	[{
				"socket":	5,
				"local_host":	"192.168.1.11",
				"local_port":	49810,
				"remote_host":	"72.2.234.180",
				"remote_port":	5201
			}],
		"version":	"iperf 3.16",
		"system_info":	"Linux scadmin-Latitude-E7440 6.14.0-29-generic #29~24.04.1-Ubuntu SMP PREEMPT_DYNAMIC Thu Aug 14 16:52:50 UTC 2 x86_64",
		"timestamp":	{
			"time":	"Sun, 21 Sep 2025 21:03:23 GMT",
			"timesecs":	1758488603
		},
		"connecting_to":	{
			"host":	"72.2.234.180",
			"port":	5201
		},
		"cookie":	"fwjuj6isidgtzzvbq2hbnkpnentg3pos7don",
		"tcp_mss_default":	1400,
		"target_bitrate":	5000000,
		"fq_rate":	0,
		"sock_bufsize":	0,
		"sndbuf_actual":	16384,
		"rcvbuf_actual":	131072,
		"test_start":	{
			"protocol":	"TCP",
			"num_streams":	1,
			"blksize":	131072,
			"omit":	0,
			"duration":	300,
			"bytes":	0,
			"blocks":	0,
			"reverse":	1,
			"tos":	0,
			"target_bitrate":	5000000,
			"bidir":	0,
			"fqrate":	0
		}
	},
	"intervals":	[{
			"streams":	[{
					"socket":	5,
					"start":	0,
					"end":	50.046556,
					"seconds":	50.046554565429688,
					"bytes":	31326208,
					"bits_per_second":	5007530.81158382,
					"omitted":	false,
					"sender":	false
				}],
			"sum":	{
				"start":	0,
				"end":	50.046556,
				"seconds":	50.046554565429688,
				"bytes":	31326208,
				"bits_per_second":	5007530.81158382,
				"omitted":	false,
				"sender":	false
			}
		}, {
			"streams":	[{
					"socket":	5,
					"start":	50.046556,
					"end":	100.041583,
					"seconds":	49.995025634765625,
					"bytes":	31195136,
					"bits_per_second":	4991718.37260665,
					"omitted":	false,
					"sender":	false
				}],
			"sum":	{
				"start":	50.046556,
				"end":	100.041583,
				"seconds":	49.995025634765625,
				"bytes":	31195136,
				"bits_per_second":	4991718.37260665,
				"omitted":	false,
				"sender":	false
			}
		}, {
			"streams":	[{
					"socket":	5,
					"start":	100.041583,
					"end":	150.050061,
					"seconds":	50.008476257324219,
					"bytes":	31195136,
					"bits_per_second":	4990375.7658172874,
					"omitted":	false,
					"sender":	false
				}],
			"sum":	{
				"start":	100.041583,
				"end":	150.050061,
				"seconds":	50.008476257324219,
				"bytes":	31195136,
				"bits_per_second":	4990375.7658172874,
				"omitted":	false,
				"sender":	false
			}
		}, {
			"streams":	[{
					"socket":	5,
					"start":	150.050061,
					"end":	200.049831,
					"seconds":	49.999771118164062,
					"bytes":	31326208,
					"bits_per_second":	5012216.22410503,
					"omitted":	false,
					"sender":	false
				}],
			"sum":	{
				"start":	150.050061,
				"end":	200.049831,
				"seconds":	49.999771118164062,
				"bytes":	31326208,
				"bits_per_second":	5012216.22410503,
				"omitted":	false,
				"sender":	false
			}
		}, {
			"streams":	[{
					"socket":	5,
					"start":	200.049831,
					"end":	250.050027,
					"seconds":	50.000194549560547,
					"bytes":	31326208,
					"bits_per_second":	5012173.7776758829,
					"omitted":	false,
					"sender":	false
				}],
			"sum":	{
				"start":	200.049831,
				"end":	250.050027,
				"seconds":	50.000194549560547,
				"bytes":	31326208,
				"bits_per_second":	5012173.7776758829,
				"omitted":	false,
				"sender":	false
			}
		}, {
			"streams":	[{
					"socket":	5,
					"start":	250.050027,
					"end":	300.050128,
					"seconds":	50.0000991821289,
					"bytes":	31195136,
					"bits_per_second":	4991211.85921964,
					"omitted":	false,
					"sender":	false
				}],
			"sum":	{
				"start":	250.050027,
				"end":	300.050128,
				"seconds":	50.0000991821289,
				"bytes":	31195136,
				"bits_per_second":	4991211.85921964,
				"omitted":	false,
				"sender":	false
			}
		}],
	"end":	{
		"streams":	[{
				"sender":	{
					"socket":	5,
					"start":	0,
					"end":	300.220397,
					"seconds":	300.220397,
					"bytes":	187695104,
					"bits_per_second":	5001528.3671748657,
					"retransmits":	3,
					"max_snd_cwnd":	0,
					"max_snd_wnd":	0,
					"max_rtt":	0,
					"min_rtt":	0,
					"mean_rtt":	0,
					"sender":	false
				},
				"receiver":	{
					"socket":	5,
					"start":	0,
					"end":	300.050128,
					"seconds":	300.050128,
					"bytes":	187564032,
					"bits_per_second":	5000871.90764338,
					"sender":	false
				}
			}],
		"sum_sent":	{
			"start":	0,
			"end":	300.220397,
			"seconds":	300.220397,
			"bytes":	187695104,
			"bits_per_second":	5001528.3671748657,
			"retransmits":	3,
			"sender":	false
		},
		"sum_received":	{
			"start":	0,
			"end":	300.050128,
			"seconds":	300.050128,
			"bytes":	187564032,
			"bits_per_second":	5000871.90764338,
			"sender":	false
		},
		"cpu_utilization_percent":	{
			"host_total":	0.270176474022419,
			"host_user":	0.029486040538170593,
			"host_system":	0.240692427715635,
			"remote_total":	1.6224712550281264,
			"remote_user":	0,
			"remote_system":	1.6224715881167295
		},
		"sender_tcp_congestion":	"cubic",
		"receiver_tcp_congestion":	"cubic"
	}
}
